[
{
	"title": "零度无人机：改变的是一种生活方式改变的是一种生活方式",
	"author": "边驿卒",
	"time": "2015-07-24",
	"times": "10",
	"imgUrl":"http://127.0.0.1/project/newZero-newsList/assets/images/news/new_demo_2.jpg",
	"imgTitle": "场外的零度展台，一直都是人头攒动",
	"navigation": "极客公园与百度新闻The Big Talk论坛共同主办的奇点创新者峰会 , 新飞行者峰会，在北京雁栖湖凯宾斯基酒店成功举办，本次峰会首次将包括大疆创新、零度、Parrot等等 全球无人机领域的优秀力量聚在一起，谈谈无人机的未来",
	"description": "零度的两项新技术也在峰会上首次对外发布。一个是无人机自动避障技术，杨建军表示：目前消费级无人机搭载自动避障技术的并不多，其实因为它的体积小，使用者也多为非专业飞手，安全方面的问题会更加突出。零度首次将这项技术应用在消费级无人机上，并且是360°无死角监测，在安全性方面会更有保障。者峰会【新飞行时代】在北京雁栖湖凯宾斯基酒店成功举办，本次峰会首次将包括大疆创新、零度、Parrot等全球无人机领域的优秀力量聚在一起，谈谈无人机的未来。零度的两项新技术也在峰会上首次对外发布。一个是无人机自动避障技术，杨建军表示：目前消费级无人机搭载自动避障技术的并不多，其实因为它的体积小，使用者也多为非专业飞手，安全方面的问题会更加突出。零度首次将这项技术应用在消费级无人机上，并且是360°无死角监测，在安全性方面会更有保障。者峰会【新飞行时代】在北京雁栖湖凯宾斯基酒店成功举办，本次峰会首次将包括大疆创新、零度、Parrot等全球无人机领域的优秀力量聚在一起，谈谈无人机的未来。"
}
]