[
	{
		"title": "零度无人机：改变一种生活方式1",
		"author": "边驿卒",
		"time": "2015-07-24",
		"imgUrl":"http://127.0.0.1/project/newZero-newsList/assets/images/news/new_demo_2.jpg",
		"description": "7月11日，极客公园与百度新闻The Big Talk论坛共同论坛共同7月11日，极客公园与百度新闻The Big Talk论坛共同论坛共同"
	}, {
		"title": "零度无人机：改变一种生活方式2",
		"author": "边驿卒",
		"time": "2015-07-24",
		"imgUrl":"http://127.0.0.1/project/newZero-newsList/assets/images/news/new_demo_2.jpg",
		"description": "7月11日，极客公园与百度新闻The Big Talk论坛共同论坛共同7月11日，极客公园与百度新闻The Big Talk论坛共同论坛共同"
	}, {
		"title": "零度无人机：改变一种生活方式3",
		"author": "边驿卒",
		"time": "2015-07-24",
		"imgUrl":"http://127.0.0.1/project/newZero-newsList/assets/images/news/new_demo_2.jpg",
		"description": "7月11日，极客公园与百度新闻The Big Talk论坛共同论坛共同7月11日，极客公园与百度新闻The Big Talk论坛共同论坛共同"
	}, {
		"title": "零度无人机：改变一种生活方式4",
		"author": "边驿卒",
		"time": "2015-07-24",
		"imgUrl":"http://127.0.0.1/project/newZero-newsList/assets/images/news/new_demo_2.jpg",
		"description": "7月11日，极客公园与百度新闻The Big Talk论坛共同论坛共同7月11日，极客公园与百度新闻The Big Talk论坛共同论坛共同"
	}
]